[{"description":"true","value":7149,"year":"2001"},{"description":"false","value":24233,"year":"2001"},{"description":"false","value":24181,"year":"2002"},{"description":"true","value":7339,"year":"2002"},{"description":"true","value":6909,"year":"2003"},{"description":"false","value":22567,"year":"2003"},{"description":"false","value":21845,"year":"2004"},{"description":"true","value":7004,"year":"2004"},{"description":"false","value":20434,"year":"2005"},{"description":"true","value":6631,"year":"2005"},{"description":"false","value":19657,"year":"2006"},{"description":"true","value":6287,"year":"2006"},{"description":"false","value":19763,"year":"2007"},{"description":"true","value":6550,"year":"2007"},{"description":"false","value":20131,"year":"2008"},{"description":"true","value":5315,"year":"2008"},{"description":"true","value":5699,"year":"2009"},{"description":"false","value":17161,"year":"2009"},{"description":"false","value":16484,"year":"2010"},{"description":"true","value":5050,"year":"2010"},{"description":"true","value":5185,"year":"2011"},{"description":"false","value":15224,"year":"2011"},{"description":"true","value":4791,"year":"2012"},{"description":"false","value":15105,"year":"2012"},{"description":"false","value":13511,"year":"2013"},{"description":"true","value":4459,"year":"2013"},{"description":"true","value":4495,"year":"2014"},{"description":"false","value":12399,"year":"2014"},{"description":"false","value":12988,"year":"2015"},{"description":"true","value":4038,"year":"2015"},{"description":"false","value":4086,"year":"2016"},{"description":"true","value":944,"year":"2016"}]