[{"description":"OVER $500","value":32871,"year":"2001"},{"description":"$500 AND UNDER","value":61776,"year":"2001"},{"description":"$500 AND UNDER","value":47493,"year":"2002"},{"description":"OVER $500","value":27841,"year":"2002"},{"description":"$500 AND UNDER","value":37022,"year":"2003"},{"description":"OVER $500","value":20654,"year":"2003"},{"description":"OVER $500","value":19291,"year":"2004"},{"description":"$500 AND UNDER","value":35871,"year":"2004"},{"description":"$500 AND UNDER","value":27920,"year":"2005"},{"description":"OVER $500","value":18848,"year":"2005"},{"description":"OVER $500","value":20724,"year":"2006"},{"description":"$500 AND UNDER","value":27181,"year":"2006"},{"description":"OVER $500","value":22118,"year":"2007"},{"description":"$500 AND UNDER","value":25237,"year":"2007"},{"description":"$500 AND UNDER","value":25396,"year":"2008"},{"description":"OVER $500","value":24140,"year":"2008"},{"description":"$500 AND UNDER","value":24215,"year":"2009"},{"description":"OVER $500","value":21502,"year":"2009"},{"description":"OVER $500","value":21850,"year":"2010"},{"description":"$500 AND UNDER","value":24632,"year":"2010"},{"description":"OVER $500","value":15667,"year":"2011"},{"description":"$500 AND UNDER","value":28993,"year":"2011"},{"description":"$500 AND UNDER","value":29525,"year":"2012"},{"description":"OVER $500","value":15978,"year":"2012"},{"description":"$500 AND UNDER","value":27898,"year":"2013"},{"description":"OVER $500","value":15614,"year":"2013"},{"description":"$500 AND UNDER","value":28841,"year":"2014"},{"description":"OVER $500","value":14953,"year":"2014"},{"description":"$500 AND UNDER","value":24628,"year":"2015"},{"description":"OVER $500","value":12651,"year":"2015"},{"description":"$500 AND UNDER","value":6046,"year":"2016"},{"description":"OVER $500","value":3563,"year":"2016"}]